Francisco Frias,DevilFran,gc1smoi6y,21,masculino,amigos,heterosexual,rap,verde,peliculas,salir,verano,cafe,playa,deporte,perro,carnivoro
Macarena Freire,DevilMini,xhf43tyq7,25,femenino,pareja,bisexual,pop,rojo,libros,casa,otono,cafe,montana,videojuegos,gato,vegano
Nicoleta Yague,PrincessFrench,tp42lxfic,26,nobinario,encuentro casual,pansexual,Reggaeton,verde,peliculas,salir,invierno,te,montana,videojuegos,perro,carnivoro
Juliana Lema,BlackSynn,2r0ldfanq,20,masculino,amigos,asexual,jazz,azul,peliculas,salir,primavera,bebida,playa,deporte,gato,vegano
Aimar Castilla,IBread,1ibr2h0gz,19,femenino,pareja,homosexual,Rock,verde,libros,salir,primavera,bebida,montana,videojuegos,gato,carnivoro
Josep Bartolome,PickleMy,ua9huajeq,23,nobinario,encuentro casual,bisexual,rap,rojo,libros,casa,otono,te,montana,deporte,perro,vegetariano
Abelardo Prados,SunshineWarrior,xightcfmj,30,femenino,amigos,homosexual,electronica,naranjo,peliculas,casa,otono,cafe,playa,videojuegos,gato,vegetariano
Delfina Sobrino,RubyGame,r5hgawvz4,18,femenino,pareja,homosexual,pop,rojo,peliculas,salir,invierno,te,playa,deporte,gato,vegano
Paz Florez,viperJust,evqwgl1ky,23,femenino,encuentro casual,bisexual,Reggaeton,amarillo,libros,salir,verano,cafe,montana,videojuegos,perro,carnivoro
Enrique Santos,VKill,8li7pu5px,29,femenino,amigos,pansexual,rap,morado,libros,casa,primavera,te,playa,deporte,perro,vegetariano
Marcelo Portillo,Dr.Viper,xgzyt0tmt,19,nobinario,pareja,asexual,pop,morado,peliculas,casa,invierno,bebida,montana,deporte,perro,vegano
Milagros Llanos,CookieIron,7cjpxioet,21,femenino,encuentro casual,heterosexual,electronica,rojo,peliculas,casa,verano,cafe,montana,videojuegos,gato,vegano
Carolina Labrador,ShadowShoot,qgxfo5hrf,22,nobinario,amigos,homosexual,Rock,amarillo,libros,salir,otono,bebida,montana,deporte,perro,carnivoro
Hamza Piñeiro,BloodGold,ct4uy8jz4,30,femenino,pareja,bisexual,jazz,azul,peliculas,salir,verano,cafe,playa,deporte,perro,vegetariano
Mari Ruz,BetaHack,2olmslr0m,25,nobinario,encuentro casual,pansexual,Rock,amarillo,peliculas,salir,otono,bebida,playa,videojuegos,gato,vegano
Imane Encinas,DinoBear,lm5oepq3a,29,nobinario,amigos,asexual,Reggaeton,azul,libros,casa,invierno,te,montana,videojuegos,perro,carnivoro
Ramón Bartolome,AuraCrazy,1phlv5ztc,25,femenino,pareja,heterosexual,jazz,morado,libros,casa,otono,cafe,montana,deporte,gato,vegetariano
Dumitru Jaime,NovaFrench,hupcdubro,21,masculino,encuentro casual,homosexual,rap,naranjo,peliculas,salir,verano,bebida,playa,deporte,gato,carnivoro
Juan Andres García,ThunderGt,1id6tizlu,27,nobinario,amigos,bisexual,pop,verde,libros,salir,primavera,bebida,playa,deporte,perro,vegano
Ibon Cervantes,MajRed,tigwxzoyg,18,femenino,pareja,pansexual,electronica,amarillo,libros,casa,primavera,cafe,montana,videojuegos,perro,carnivoro
David Barros,KingDog,ilestlua8,27,femenino,encuentro casual,asexual,Reggaeton,azul,peliculas,casa,verano,te,playa,deporte,gato,vegano
Salud Aznar,NightGeek,m45lyxrc9,20,femenino,amigos,heterosexual,pop,naranjo,peliculas,salir,otono,cafe,deporte,montana,videojuegos,perro,vegano
Ibon Caballero,BreadHadess,k61qcj7ij,25,nobinario,pareja,homosexual,Rock,amarillo,libros,casa,invierno,bebida,playa,deporte,gato,vegetariano
Antonio Sales,MajSun,mnzhperws,21,masculino,encuentro casual,bisexual,electronica,verde,peliculas,salir,verano,te,playa,deporte,perro,carnivoro
Joan Climent,PredatorStorm,npdjajcag,28,masculino,amigos,pansexual,rap,azul,libros,casa,otono,bebida,montana,deporte,perro,carnivoro
Valentina Uriarte,WolfRed,nygmat2vm,29,femenino,pareja,asexual,pop,naranjo,peliculas,casa,verano,te,playa,videojuegos,gato,vegano
Ioana Olivares,GalacticSky,cqh2y48sw,22,nobinario,encuentro casual,heterosexual,Reggaeton,verde,libros,salir,cafe,playa,primavera,deporte,perro,vegetariano
Teofilo Cobos,OneCookie,905qjluq8,28,masculino,amigos,homosexual,electronica,morado,libros,casa,bebida,montana,verano,deporte,gato,vegano
Yago Rincon,RushBlood,e4wduxmaj,26,masculino,pareja,bisexual,rap,naranjo,peliculas,salir,bebida,montana,invierno,deporte,perro,vegano
Ian Zheng,ChickenOnix,bx6u6bsh6,28,masculino,encuentro casual,pansexual,jazz,rojo,peliculas,salir,te,playa,otono,deporte,perro,vegetariano
Julio Escribano,RussianBolt,kzak2nnfv,24,nobinario,amigos,asexual,jazz,azul,libros,salir,cafe,montana,verano,deporte,perro,carnivoro
Camila Abellan,LordOmega,hirw1aytb,23,femenino,pareja,heterosexual,Reggaeton,naranjo,pelicula,casa,cafe,playa,primavera,videojuegos,gato,vegano
Abdellah Franco,NeverFire,tpoxi8f5d,20,nobinario,encuentro casual,homosexual,Rock,amarillo,libros,salir,te,montana,invierno,deporte,gato,vegetariano
Rut Costa,LordOmega,ezg58l1w2,19,femenino,amigos,bisexual,jazz,verde,libro,salir,otono,cafe,playa,deporte,perro,vegano
Cristina Simon,CovidFrost,bpcbhwu80,27,femenino,pareja,pansexual,Reggaeton,rojo,libro,salir,primavera,te,montana,deporte,gato,vegetariano
Violeta Yuste,CrazyRed,bpcbhwu80,25,femenino,encuentro casual,asexual,electronica,rojo,peliculas,casa,otono,cafe,playa,videojuegos,perro,carnivoro
Didac Conde,RiderMoon,699tq3fgc,24,masculino,amigos,heterosexual,Rock,azul,peliculas,salir,invierno,te,playa,deporte,gato,vegano
Borja Nieto,SunrisePickle,mfcflxxiz,30,nobinario,pareja,homosexual,jazz,morado,libro,casa,verano,bebida,montana,videojuegos,perro,vegetariano
Luis Castro,WhiteLeopard,luchowonito,24,masculino,encuentro casual,heterosexual,jazz,azul,peliculas,casa,verano,te,playa,deporte,perro,vegetariano
Aranzasu Larrain,puntito,punto123,19,femenino,amigos,heterosexual,pop,verde,libro,casa,otono,te,montana,videojuegos,perro,carnivoro
Jairo Vera,HydroPepito,vlgqMOALJ,18,masculino,pareja,heterosexual,rap,rojo,peliculas,Casa,Invierno,Te,Playa,Deporte,Perro,Vegetariano								
Mauro Lombardo,Pandorapoke,pQZBEDIeA,23,masculino,encuentro casual,heterosexual,Jazz,amarillo,Libros,Salir,Otono,Cafe,Montana,Videojuegos,Gato,Carnivoro								
Mauricio Palma,RoninLegend,HfpUXGKXC,33,nobinario,amigos,bisexual,Rock,Verde,peliculas,Salir,Verano,Te,Montana,Videojuegos,Gato,Vegano								
Patricia Cadenas,XOne,7tDxeKhuW,24,masculino,pareja,pansexual,Pop,amarillo,Libros,Casa,Invierno,Cafe,Playa,Deporte,Perro,Carnivoro								
Lissete Navarrete,ShootSky,JakFe9rJT,18,masculino,encuentro casual,heterosexual,Jazz,Amarilo,peliculas,Casa,Invierno,Te,Montana,Deporte,Perro,Vegetariano								
Rodrigo Letelier,PythonIron,EjSii8QWg,25,femenino,amigos,asexual,rap,rojo,peliculas,Casa,Primavera,Te,Playa,Deporte,Perro,Carnivoro								
Antonia Huerta,CocoaOnix,tKbuWg3Wp,18,masculino,pareja,heterosexual,rap,rojo,peliculas,Salir,Primavera,Te,Montana,Deporte,Perro,Vegano								
Fernanda Carreno,WoodDeath,v92hJro6Z,18,femenino,encuentro casual,bisexual,rap,rojo,peliculas,Casa,Primavera,Te,Playa,Deporte,Perro,Carnivoro								
Kevin Roldan,SushiPandora,2yXxGsV5u,21,masculino,amigos,asexual,Reggaeton,Azul,peliculas,Salir,Verano,Bebida,Playa,Deporte,Perro,Carnivoro								
Javier Farias,TruckOxygen,8dgAfSPgi,23,masculino,pareja,homosexual,Electronica,Pop,amarillo,peliculas,Verano,Cafe,Montana,Videojuegos,Gato,Carnivoro								
Rachid Hurtado,SasukeRuby,dwU1hMzQW,25,masculino,encuentro casual,heterosexual,Reggaeton,Morado,peliculas,Casa,Invierno,Bebida,Playa,Deporte,Perro,Vegano								
Encarnacion Sancho,LivelyUranium,xoVPkDG9h,29,nobinario,amigos,homosexual,Electronica,morado,Libros,Salir,Primavera,Te,Playa,Deporte,Perro,Vegetariano								
Aurelio Sastre,BronzePython,rJqNrFLnK,21,masculino,pareja,heterosexual,Jazz,Verde,Libros,Casa,Otono,Cafe,Montana,Videojuegos,Gato,Carnivoro								
Rafaela Becerra,BannanaCar,ZfYRftad8,18,nobinario,encuentro casual,pansexual,Reggaeton,amarillo,peliculas,Salir,Verano,Cafe,Montana,Deporte,Perro,Vegano								
Ofelia Escobar,raptorShoot,demWTMJPB,26,femenino,amigos,homosexual,Rock,Azul,Libros,Salir,Otono,Bebida,Playa,Videojuegos,Gato,Carnivoro								
Sagrario Vaca,DoorSunshine,uI8YnqRmD,21,masculino,pareja,heterosexual,Electronica,rojo,peliculas,Casa,Verano,Cafe,Playa,Deporte,Perro,Vegano								
Zakaria Jiménez,NoobSapphire,aYmmYFC6A,18,femenino,encuentro casual,bisexual,Pop,Verde,Libros,Casa,Verano,Te,playa,videojuegos,gato,carnivoro								
Elvira Mohamed,NoobSky,SPYvGlJou,20,femenino,amigos,asexual,rap,Morado,peliculas,Salir,Primavera,Cafe,Montana,videojuegos,gato,vegetariano								
Andreea Carrascosa,CrazyDino,AGd72SggI,23,femenino,pareja,heterosexual,Pop,Verde,Libros,Casa,verano,bebida,playa,deporte,perro,vegano								
Daniela Verdu,DeathDoor,tHRBquQ3v,20,femenino,encuentro casual,heterosexual,Jazz,morado,peliculas,Casa,invierno,te,montana,videojuegos,gato,carnivoro								
Naiara Conesa,TotoMilo,nXyUnyaPY,23,femenino,amigos,bisexual,Pop,amarillo,Libros,Salir,Otono,cafe,playa,deporte,perro,vegano								
Dionisia Nieves,VadorWitcher,kCU2AcK2i,18,femenino,pareja,bisexual,rap,rojo,libros,salir,verano,te,montana,videojuegos,gato,vegetariano				
Hilario Alamo,IronPoke,bvzBrMRe6,29,masculimo,encuentro casual,homosexual,rock,verde,peliculas,casa,invierno,cafe,playa,deporte,perro,carnivoro								
Maria-Elena Tello,ShieldEmerald,YasQpnlIY,25,nobinario,amigos,bisexual,Jazz,Azul,libros,salir,primavera,bebida,montana,videojuegos,gato,vegetariano								
Vera Calero,ShadowWitcher,zPZ1qoQlE,27,masculino,pareja,heterosexual,Reggaeton,Morado,peliculas,casa,otono,te,playa,deporte,perro,vegano								
Severino Carvajal,PandoraBurger,bWRpcmj6B,19,masculino,encuentro casual,homosexual,Electronica,rojo,peliculas,Casa,verano,bebida,montana,deporte,perro,vegetariano								
Florencio Serra,ColossusDuck,skiGAEZAX,22,masculino,amigos,bisexual,Reggaeton,verde,Libros,salir,invierno,cafe,playa,videojuegos,gato,vegano								
Nicolasa Sevillano,CyberPandora,y4w38p49M,24,masculino,pareja,homosexual,rap,rojo,peliculas,casa,primavera,te,playa,deporte,perro,carnivoro								
Arturo San-Jose,DuckCocoa,RgwuxeZav,23,nobinario,encuentro casual,bisexual,Rock,amarillo,libros,salir,otono,cafe,montana,videojuegos,gato,vegetariano								
Zohra Bellido,KillBlue,v5nI6yeKF,28,femenino,amigos,heterosexual,pop,verde,peliculas,casa,verano,bebida,playa,deporte,perro,vegano								
Candida Diez,CrazyBlack,8iMFK6Tbm,29,femenino,pareja,heterosexual,electronica,azul,libros,salir,invierno,te,montana,videojuegos,gato,carnivoro								
Ainoa Vivas,BannanaJust,PIVcozInv,22,masculino,encuentro casual,bisexual,jazz,morado,peliculas,casa,primavera,cafe,playa,deporte,perro,vegetariano								
Olivia Llopis,ShootThunder,2rULLsKI7,21,nobinario,amigos,pansexual,reggaeton,morado,libros,salir,otono,bebida,montana,videojuegos,gato,vegano								
Joaquim Moreira,ThunderPotato,fkGVHY5nd,20,masculino,pareja,heterosexual,rap,morado,peliculas,casa,invierno,cafe,montana,videojuegos,perro,vegano								
Juan-Andres Vivas,AuraThunder,8ejQzqwCM,25,masculino,encuentro casual,homosexual,reggaeton,verde,libros,salir,verano,cafe,playa,deporte,gato,vegano								
Mustapha Bustos,CrazyHadess,JsEcCLHvj,24,masculino,amigos,heterosexual,reggaeton,amarillo,peliculas,casa,invierno,te,playa,deporte,perro,vegetariano								
Aida Muñoz,DeathWood,pimKauMWS,22,femenino,pareja,homosexual,electronica,verde,libros,salir,verano,cafe,montana,videojuegos,gato,vegano								
Montse Barranco,BadBurger,GD8paiTUt,29,nobinario,encuentro casual,pansexual,pop,morado,peliculas,casa,invierno,bebida,montana,videojuegos,gato,vegetariano								
Jan Herraiz,FreezPredator,2lZBJzagp,30,masculino,amigos,asexual,pop,morado,libros,salir,primavera,bebida,montana,deporte,perro,vegano								
Jaume Gimeno,HyperFlying,14P9qnMbA,22,nobinario,pareja,asexual,jazz,verde,peliculas,casa,verano,te,playa,deporte,perro,Vegano
Salome Varela,SunBannana,RFsIemIm0,21,femenino,encuentro casual,heterosexual,reggaeton,azul,libros,salir,otono,cafe,playa,videojuegos,perro,vegetariano
Aurelia Alamo,AimStorm,H9aek2fqW,20,femenino,amigos,homosexual,rap,naranjo,peliculas,salir,invierno,te,montana,deporte,gato,carnivoro
Cristobal Cabezas,BetaLord,bYZOuA7Tu,27,masculino,pareja,bisexual,reggaeton,rojo,peliculas,casa,verano,cafe,playa,deporte,gato,carnivoro
Teresa Saavedra,WhiteMoon,DrGHXOpvy,24,nobinario,encuentro casual,pansexual,pop,morado,libros,casa,verano,te,montana,deporte,perro,vegano
Ildefonso Felipe,PrincessGoku,4CADCvqxX,30,masculino,amigos,asexual,jazz,naranjo,peliculas,casa,invierno,cafe,montana,deporte,gato,vegetariano
Elena Rosell,ZeDela,nfCjOoXZI,25,nobinario,pareja,heterosexual,jazz,rojo,peliculas,casa,otono,te,playa,videojuegos,perro,carnivoro
Benjamin Morera,RedBolt,gMZqRJzZp,24,masculino,encuentro casual,homosexual,rap,morado,libros,salir,otono,cafe,montana,deporte,gato,vegano
Noa Berrocal,DarkX,NzYhWFSDn,18,femenino,amigos,bisexual,electronica,naranjo,peliculas,salir,verano,te,montana,videojuegos,gato,carnivoro
Antonia Acevedo,Antojito,antoice13,19,femenino,pareja,homosexual,reggaeton,morado,peliculas,casa,invierno,cafe,montana,videojuegos,gato,carnivoro
Felipe Julian,PepitoNoob,4PvytHWVc,21,masculino,encuentro casual,pansexual,electronica,verde,peliculas,salir,otono,te,playa,deporte,perro,vegano
Tania Li,NightGalactic,oDcTX9Ue6,23,femenino,amigos,asexual,rap,verde,libros,salir,primavera,te,motana,videojuegos,perro,vegetariano
Svetlana Blazquez,PandoraLotus,tODcwjFpK,27,femenino,pareja,heterosexual,electronica,amarillo,peliculas,casa,otono,cafe,playa,deporte,gato,vegano
Gisela Novo,LuckRussian,azEMQg3Ti,29,femenino,encuentro social,homosexual,rap,verde,libros,casa,invierno,bebida,playa,videojuegos,perro,carnivoro
Mihai Vaquero,CrazyNaruto,1PBtKkP8v,30,nobinario,amigos,bisexual,electronica,morado,peliculas,salir,verano,bebida,montana,deporte,gato,vegano
Esteban Cuesta,StrongFrost,ZFrbinP7m,20,masculino,pareja,pansexual,jazz,verde,peliculas,casa,otono,te,playa,deporte,perro,vegetariano
Jos Albert,AlphaDragon,JEsSTmrpJ,22,masculino,encuentro casual,asexual,reggaeton,naranjo,peliculas,casa,verano,te,playa,deporte,perro,vegano
Saturnina Alcazar,BadReality,M8TgBdC4N,19,nobinario,amigos,heterosexual,pop,amarillo,libros,salir,verano,bebida,motana,deporte,perro,carnivoro
Ernesto Pastor,MiniLegend,mFYZ5w2sa,27,nobinario,pareja,homosexual,rock,verde,libros,salir,invierno,bebida,playa,videojuegos,perro,vegetariano
Imane Estrada,CloudDeath,vZiGCnSNi,26,femenino,encuentro casual,bisexual,rap,morado,peliculas,casa,otono,cafe,playa,videojuegos,gato,vegetariano
Iago Santiago,FrenchSniper,nwG4pkWVh,22,nobinario,amigos,pansexual,jazz,azul,peliculas,casa,primavera,bebida,montana,videojuegos,gato,vegano